{
  "hash": "3f3ea330",
  "configHash": "137e529c",
  "lockfileHash": "35e10e37",
  "browserHash": "b9497d12",
  "optimized": {
    "@angular/core": {
      "src": "../../../../../../node_modules/@angular/core/fesm2022/core.mjs",
      "file": "@angular_core.js",
      "fileHash": "a8ef2b99",
      "needsInterop": false
    },
    "@angular/platform-browser": {
      "src": "../../../../../../node_modules/@angular/platform-browser/fesm2022/platform-browser.mjs",
      "file": "@angular_platform-browser.js",
      "fileHash": "ff6c29fd",
      "needsInterop": false
    },
    "@angular/router": {
      "src": "../../../../../../node_modules/@angular/router/fesm2022/router.mjs",
      "file": "@angular_router.js",
      "fileHash": "0f16fbd9",
      "needsInterop": false
    }
  },
  "chunks": {
    "chunk-TJMXERBB": {
      "file": "chunk-TJMXERBB.js"
    },
    "chunk-O56FWJYW": {
      "file": "chunk-O56FWJYW.js"
    }
  }
}